time,track_id,est_x,est_y,est_z,vel_x,vel_y,vel_z,acc_x,acc_y,acc_z,cluster_size,roi,lost,hits,true_x,true_y,true_z,true_x,true_y,true_z,true_x,true_y,true_z
2.6670000000000003,0,0.39427686482667923,1.0115468800067902,0.36542676389217377,0.0,0.0,0.0,0.0,0.0,0.0,46,0.5,0,1,0.13169469450278426,-0.004922750098342751,0.1899229575306551,0.1316960069247035,-0.004921443105460859,0.18992288244565292,0.13264125507006758,-0.004941674444503663,0.19086649265701736
2.6670000000000003,1,0.3940264582633972,0.030945658683776855,0.3773406594991684,0.0,0.0,0.0,0.0,0.0,0.0,4,0.5,0,1,0.13169469450278426,-0.004922750098342751,0.1899229575306551,0.1316960069247035,-0.004921443105460859,0.18992288244565292,0.13264125507006758,-0.004941674444503663,0.19086649265701736
2.6670000000000003,2,1.4062193632125854,0.0337597131729126,0.36967164278030396,0.0,0.0,0.0,0.0,0.0,0.0,5,0.5,0,1,0.13169469450278426,-0.004922750098342751,0.1899229575306551,0.1316960069247035,-0.004921443105460859,0.18992288244565292,0.13264125507006758,-0.004941674444503663,0.19086649265701736
2.971,0,0.6958462130310676,1.0221447249203677,0.5132104476609322,0.992004434882857,0.03486133195255781,0.4861305387130212,3.2631724831672946,0.11467543405446655,1.5991136141875706,51,1.0008310986822897,0,2,0.7403397504802198,0.021190356045453246,0.5331461530360221,0.7403992546118316,0.021326976727860866,0.5333716634905048,0.7411891862293364,0.021083697405744894,0.5337603016344324
2.971,1,0.7067410249707555,0.008594649903034268,0.5103313533114526,1.0286663378531526,-0.07352305519981119,0.437469387540409,3.383770848201162,-0.24185215526253692,1.4390440379618725,3,1.0008310986822897,0,2,0.7403397504802198,0.021190356045453246,0.5331461530360221,0.7403992546118316,0.021326976727860866,0.5333716634905048,0.7411891862293364,0.021083697405744894,0.5337603016344324
2.971,2,1.689423332389386,0.007692111138773328,0.5226841977511865,0.9315920038710547,-0.08574869090177396,0.503330772930535,3.0644473811547868,-0.2820680621768882,1.6556933320083396,2,1.0008310986822897,0,2,0.7403397504802198,0.021190356045453246,0.5331461530360221,0.7403992546118316,0.021326976727860866,0.5333716634905048,0.7411891862293364,0.021083697405744894,0.5337603016344324
3.212,0,0.9188024260424457,1.0244119091929291,0.6596509928334816,0.9251295145700331,0.0094074036205867,0.6076371168985452,-0.2774892959038332,-0.10561795988369752,0.5041766729689788,27,0.5107657333337803,0,3,0.908773443798125,0.01858691858872439,0.6451053483034441,0.908856197255401,0.018864727610835488,0.6453945827815376,0.909542338640208,0.0189645102995748,0.6456987035145262
3.212,1,0.9024874159649172,0.012233091909058524,0.670163224096732,0.8122256887724553,0.015097269734540475,0.6632027833414078,-0.8980939795879556,0.3677191905989694,0.9366530946099533,4,0.5214722662638489,0,3,0.908773443798125,0.01858691858872439,0.6451053483034441,0.908856197255401,0.018864727610835488,0.6453945827815376,0.909542338640208,0.0189645102995748,0.6456987035145262
3.212,2,1.9098720148653199,0.02556684143727539,0.6545584195349194,0.9147248235515928,0.07416900538797533,0.5471959410113401,-0.06998830008075467,0.6635589057665943,0.18201314556350653,4,0.5186719573791746,0,3,0.908773443798125,0.01858691858872439,0.6451053483034441,0.908856197255401,0.018864727610835488,0.6453945827815376,0.909542338640208,0.0189645102995748,0.6456987035145262
3.5100000000000002,0,1.0585450957227969,1.0216956522642957,0.789815437418532,0.4689351331555409,-0.009114956136353759,0.43679343820486694,-1.5308536289076917,-0.0621555696541626,-0.5733009352136852,32,0.4,0,4,1.0470330141992137,0.017719595296279606,0.7701319986859934,1.0471726377643584,0.018038637396601297,0.7702677286570979,1.0477333380030294,0.018159424270059787,0.7705297156900937
3.5100000000000002,1,1.0455082396060562,0.010955412987220692,0.8040072233649487,0.4799356498024796,-0.004287513160529639,0.44914093714166675,-1.11506724486569,-0.06504960703043662,-0.7183283429521511,5,0.43754314727075455,0,4,1.0470330141992137,0.017719595296279606,0.7701319986859934,1.0471726377643584,0.018038637396601297,0.7702677286570979,1.0477333380030294,0.018159424270059787,0.7705297156900937
3.5100000000000002,2,2.0282741439475602,-0.004066086016580872,0.7967410921009435,0.3973225808128863,-0.09943935387200087,0.47712306230209356,-1.7362491367070685,-0.5825783867784435,-0.23514388828606206,4,0.41769010259016176,0,4,1.0470330141992137,0.017719595296279606,0.7701319986859934,1.0471726377643584,0.018038637396601297,0.7702677286570979,1.0477333380030294,0.018159424270059787,0.7705297156900937
3.8750000000000004,0,1.1172221280221732,1.0124781521440875,0.9175386275535112,-0.03452949633385838,-0.03486271985916254,0.2899915530917262,-1.070073911971995,-0.05265367053310077,-0.3284109327303312,0,0.5122075483255406,1,4,1.0470330141992137,0.017719595296279606,0.7701319986859934,1.0471726377643584,0.018038637396601297,0.7702677286570979,1.0477333380030294,0.018159424270059787,0.7705297156900937
3.8750000000000004,1,1.1169499565937382,0.028349768911888562,0.8911322742097258,0.1957307314731012,0.047655769656624276,0.23869876943774554,-0.7786436118613104,0.1423103638826134,-0.5765538841203317,6,0.5707518915668077,0,5,1.0470330141992137,0.017719595296279606,0.7701319986859934,1.0471726377643584,0.018038637396601297,0.7702677286570979,1.0477333380030294,0.018159424270059787,0.7705297156900937
3.8750000000000004,2,2.148882836197542,0.02365188499688675,0.8606137514126797,0.3304347732876213,0.07593964661224002,0.17499358715544183,-0.1832542671925068,0.48049041228559114,-0.827751986703155,3,0.5535328665865871,0,5,1.0470330141992137,0.017719595296279606,0.7701319986859934,1.0471726377643584,0.018038637396601297,0.7702677286570979,1.0477333380030294,0.018159424270059787,0.7705297156900937
4.248,0,1.1925003153998501,1.0098431730183117,0.953328288077651,0.17790796073074003,-0.002903263401258689,0.05569428582238226,0.5695374184037494,0.08568218889518464,-0.6281428076926114,17,1.4778812674133444,0,5,1.1972251297521,0.01235163963006704,0.94288764060889,1.1973989313807976,0.012574335645311364,0.9429293637571589,1.197658097252492,0.012668247777052333,0.9431327133738427
4.248,1,1.2072957100696171,0.03615593208606582,0.9464359494797121,0.24221381628921976,0.02092805140530098,0.1482672259248959,0.12461953033811957,-0.07165608110274346,-0.24244381638833695,4,0.5838276787946248,0,6,1.1972251297521,0.01235163963006704,0.94288764060889,1.1973989313807976,0.012574335645311364,0.9429293637571589,1.197658097252492,0.012668247777052333,0.9431327133738427
4.248,2,2.208449872339842,-0.01754412543525108,0.9299488550698789,0.15969714783458505,-0.11044506818267522,0.18588499639999795,-0.4577416231984888,-0.4996909243831511,0.029199488591303276,1,0.5835082198495953,0,6,1.1972251297521,0.01235163963006704,0.94288764060889,1.1973989313807976,0.012574335645311364,0.9429293637571589,1.197658097252492,0.012668247777052333,0.9431327133738427
4.515000000000001,0,1.1434191347594944,1.0024624508780529,0.9544029849248115,-0.279829375033621,-0.030629386443499586,-0.05408961135161074,-0.7191365426256773,-0.022368781723842115,-0.43531605375416904,0,0.456198810435974,1,5,1.224151315824864,0.030856944334371292,0.9907123553644714,1.2242866553466474,0.030968821274585612,0.9907306734291592,1.2244901173981637,0.030903151356315828,0.9907874375554355
4.515000000000001,1,1.2878946440492323,0.04924280862018238,0.971768846709155,0.3018686665903189,0.049014518854369055,0.09487976490428052,0.22342640562209393,0.10519276198152823,-0.19995303753039448,1,0.4,0,7,1.224151315824864,0.030856944334371292,0.9907123553644714,1.2242866553466474,0.030968821274585612,0.9907306734291592,1.2244901173981637,0.030903151356315828,0.9907874375554355
4.515000000000001,2,2.2401357835222533,0.03701370154761929,1.003265371333887,0.11867382465322555,0.2043364306474543,0.2745936938726889,-0.15364540517363087,1.1789569244574123,0.3322423126318009,2,0.4,0,7,1.224151315824864,0.030856944334371292,0.9907123553644714,1.2242866553466474,0.030968821274585612,0.9907306734291592,1.2244901173981637,0.030903151356315828,0.9907874375554355
4.859,0,1.2402605994801053,1.088472146521159,1.0616509850082378,0.2923604829735385,0.24986390939061978,0.321173629163697,1.6633426104859315,0.8153874878898832,1.0908815131258964,11,1.371710412246124,0,6,1.224151315824864,0.030856944334371292,0.9907123553644714,1.2242866553466474,0.030968821274585612,0.9907306734291592,1.2244901173981637,0.030903151356315828,0.9907874375554355
4.859,1,1.243480060150907,0.09303499134984894,1.0813283791973785,-0.12911216249513194,0.12730285677228673,0.3184870130471618,-1.252851247341429,0.2275823776683657,0.6500210701827955,2,0.47557679837014033,0,8,1.224151315824864,0.030856944334371292,0.9907123553644714,1.2242866553466474,0.030968821274585612,0.9907306734291592,1.2244901173981637,0.030903151356315828,0.9907874375554355
4.859,2,2.2670175882362797,0.12132064496930806,1.0390000112216244,0.07814478114542588,0.24507832390025844,0.10387976711551619,-0.11781698694127833,0.11843573620001223,-0.49626141499178195,1,0.49923179762208525,0,8,1.224151315824864,0.030856944334371292,0.9907123553644714,1.2242866553466474,0.030968821274585612,0.9907306734291592,1.2244901173981637,0.030903151356315828,0.9907874375554355
5.16,0,1.2382591939785756,1.1272278100040203,1.111321750025433,-0.006649187712722944,0.1287563570859175,0.16501915288104763,-0.9933876102533598,-0.4023506721086452,-0.5187856354905293,13,0.5282831951034734,0,7,1.243183993189416,0.12183631848138131,1.110103158268984,1.2432122492180202,0.12190800618764483,1.1103797256891808,1.2432808015009156,0.12173805286917361,1.1094811956927193
5.16,1,1.2235025885180766,0.14378635089762049,1.0928176873552546,-0.06637033765059956,0.16860916793279573,0.038170458996266754,0.20844460081239982,0.1372302696362425,-0.9312842327272256,1,0.4481536188410379,0,9,1.243183993189416,0.12183631848138131,1.110103158268984,1.2432122492180202,0.12190800618764483,1.1103797256891808,1.2432808015009156,0.12173805286917361,1.1094811956927193
5.16,2,2.267507442510066,0.22355698762361764,1.050916527509706,-0.02868200342320653,0.3825684526545521,-0.00052790194488108,-0.20139153660934686,0.2851350778625082,-0.2665625053474183,0,0.4563516083647746,1,8,1.243183993189416,0.12183631848138131,1.110103158268984,1.2432122492180202,0.12190800618764483,1.1103797256891808,1.2432808015009156,0.12173805286917361,1.1094811956927193
5.412,0,1.2327119547244072,1.176507413887851,1.1793099475070363,-0.02201285418320858,0.1955539836659956,0.2697944344508058,-0.06096693043843511,0.2650699467463419,0.41577492686412015,14,0.4,0,8,1.2311405739679726,0.1800496226769856,1.1677918399034481,1.2311232727512902,0.18007194853206726,1.1680052042110147,1.231137455427572,0.18004321112214505,1.1672070059894875
5.412,1,1.17324035352074,0.19747117717452856,1.0960744802689204,-0.24801737092428708,0.23324652298248089,-0.014171333345171948,-0.38542902732375345,0.16040871487392944,-0.2150405932429189,0,0.4,1,9,1.2311405739679726,0.1800496226769856,1.1677918399034481,1.2311232727512902,0.18007194853206726,1.1680052042110147,1.231137455427572,0.18004321112214505,1.1672070059894875
5.412,2,2.2538849935769982,0.329017846684855,1.0423196035498048,-0.07943267064876189,0.4544224922759041,-0.06770165329243044,-0.20139153660934686,0.2851350778625082,-0.2665625053474183,0,1.0410038108024302,2,8,1.2311405739679726,0.1800496226769856,1.1677918399034481,1.2311232727512902,0.18007194853206726,1.1680052042110147,1.231137455427572,0.18004321112214505,1.1672070059894875
5.713,0,1.2163153910188678,1.246597637512348,1.2729895007390808,-0.07074175729454926,0.2551623242445507,0.33887559438378456,-0.10809384532443997,0.1482022488297678,0.18370659656018348,0,0.4,1,8,1.2194996691629676,0.22718333218893377,1.2124330031779202,1.2194476916200707,0.22718750493530404,1.212546164728145,1.219397792654128,0.22726862609086917,1.212009166646247
5.713,1,1.2082432379455577,0.2489606118502119,1.2167144042124254,0.14505127246733024,0.1696099725756114,0.3368319887297197,1.3058758916665019,-0.21141711098627727,1.1661239936042906,8,0.9823807799178934,0,10,1.2194996691629676,0.22718333218893377,1.2124330031779202,1.2194476916200707,0.22718750493530404,1.212546164728145,1.219397792654128,0.22726862609086917,1.212009166646247
5.713,2,2.2208526224075493,0.4787157784546128,1.0098659911352925,-0.14005152316817532,0.5402481507125191,-0.1479369674020034,-0.20139153660934686,0.2851350778625082,-0.2665625053474183,0,2.0127736765296427,3,8,1.2194996691629676,0.22718333218893377,1.2124330031779202,1.2194476916200707,0.22718750493530404,1.212546164728145,1.219397792654128,0.22726862609086917,1.212009166646247
6.0600000000000005,0,1.1852602653268236,1.344061406314879,1.4016392957828616,-0.10825032162212997,0.3065885045884802,0.4026217833901683,-0.10809384532443997,0.1482022488297678,0.18370659656018348,0,1.1424109289674016,2,8,1.2194996691629676,0.22718333218893377,1.2124330031779202,1.2194476916200707,0.22718750493530404,1.212546164728145,1.219397792654128,0.22726862609086917,1.212009166646247
6.0600000000000005,1,1.1876991757138802,0.2996175818130611,1.2725801355458404,-0.059204790293018617,0.14598550421570353,0.16099634390033152,-0.5886341866292467,-0.0680820413830197,-0.5067309649261901,11,0.6130969081753903,0,11,1.2194996691629676,0.22718333218893377,1.2124330031779202,1.2194476916200707,0.22718750493530404,1.212546164728145,1.219397792654128,0.22726862609086917,1.212009166646247
6.0600000000000005,2,2.1806993815229814,0.31152553366572655,1.2912953716344697,-0.11798246276349515,-0.48671696243083273,0.797070222737667,0.06359959770801193,-2.959553640182566,2.723363660344868,4,2.5,0,9,1.2194996691629676,0.22718333218893377,1.2124330031779202,1.2194476916200707,0.22718750493530404,1.212546164728145,1.219397792654128,0.22726862609086917,1.212009166646247
6.32,0,1.153461609733104,1.42878365351833,1.5125302424280396,-0.13635472140648433,0.3451210892842198,0.45038549849581594,-0.10809384532443997,0.1482022488297678,0.18370659656018348,0,2.0204867058290303,3,8,1.1581918399753555,0.34422668822848773,1.3153506059178757,1.1580331878032997,0.34426506905666576,1.3153949775646947,1.1579471673280466,0.34433465636220717,1.3151079839850137
6.32,1,1.14605882538812,0.36239742384031426,1.3052220443047204,-0.1601551935606154,0.24146093087405088,0.12554580291876874,-0.3882707817984494,0.36721317945518245,-0.13634823454447234,8,0.4,0,12,1.1581918399753555,0.34422668822848773,1.3153506059178757,1.1580331878032997,0.34426506905666576,1.3153949775646947,1.1579471673280466,0.34433465636220717,1.3151079839850137
6.32,2,2.152328927039407,0.366621117147754,1.3353126422952981,-0.10911713262913386,0.21190609031549046,0.16929719484933967,0.0340974235936973,2.6870117413320145,-2.414511645724338,3,0.6023227763258467,0,10,1.1581918399753555,0.34422668822848773,1.3153506059178757,1.1580331878032997,0.34426506905666576,1.3153949775646947,1.1579471673280466,0.34433465636220717,1.3151079839850137
6.66,0,1.1008531801951467,1.5546909138573253,1.6762795531977956,-0.1731066288167939,0.39550985388634086,0.5128457413262782,-0.10809384532443997,0.1482022488297678,0.18370659656018348,0,2.5,4,8,1.1388532396181896,0.38767632112104605,1.3449215024190808,1.1580331878032997,0.34426506905666576,1.3153949775646947,1.1579471673280466,0.34433465636220717,1.3151079839850137
6.66,1,1.1431304888572467,0.3879953599427195,1.3616422395690004,-0.008612754502569249,0.07528804736001544,0.1659417507772945,0.4457130560530771,-0.48874377504128086,0.11881161134860524,9,0.4345383807876843,0,13,1.1388532396181896,0.38767632112104605,1.3449215024190808,1.1580331878032997,0.34426506905666576,1.3153949775646947,1.1579471673280466,0.34433465636220717,1.3151079839850137
6.66,2,2.133185390752469,0.40106385484915386,1.349702484504406,-0.05630451849099248,0.10130216970999954,0.04232306532090621,0.15533121805335706,-0.3253056488396793,-0.37345332214245147,3,0.47026183606917016,0,11,1.1388532396181896,0.38767632112104605,1.3449215024190808,1.1580331878032997,0.34426506905666576,1.3153949775646947,1.1579471673280466,0.34433465636220717,1.3151079839850137
6.956,0,1.0448782428894026,1.6782542747244167,1.8361297112124826,-0.20510240703282817,0.43937771953995214,0.5672228939080927,-0.10809384532443997,0.1482022488297678,0.18370659656018348,0,2.5,5,8,1.1388532396181896,0.38767632112104605,1.3449215024190808,1.0810495170150665,0.4446011293110684,1.3859274539801814,1.0810089021962133,0.44465576675059726,1.3855258444924816
6.956,1,1.0820072448341698,0.45609308754420486,1.3835305090818981,-0.20649744602390788,0.23005989054555845,0.0739468564624921,-0.6685293632477651,0.5228778485998069,-0.31079356187433216,9,0.4134137699724447,0,14,1.1388532396181896,0.38767632112104605,1.3449215024190808,1.0810495170150665,0.4446011293110684,1.3859274539801814,1.0810089021962133,0.44465576675059726,1.3855258444924816
6.956,2,2.0761510951650726,0.4511519240764743,1.3919249095445618,-0.19268343103850258,0.1692164500922987,0.14264332783836378,-0.46073956941726346,0.2294401364266861,0.3389198058022212,5,0.43583178535729133,0,12,1.1388532396181896,0.38767632112104605,1.3449215024190808,1.0810495170150665,0.4446011293110684,1.3859274539801814,1.0810089021962133,0.44465576675059726,1.3855258444924816
7.207000000000001,0,0.9899925285495201,1.793206527268207,1.9842895072283582,-0.23223396220926265,0.4765764839962239,0.6133332496446988,-0.10809384532443997,0.1482022488297678,0.18370659656018348,0,2.5,6,8,1.0408445761572274,0.4858334821985386,1.4067283574716534,1.0810495170150665,0.4446011293110684,1.3859274539801814,1.0810089021962133,0.44465576675059726,1.3855258444924816
7.207000000000001,1,1.0572531691342308,0.47578269145171315,1.4230996997274346,-0.0986218155376056,0.07844463708170624,0.15764617787066287,0.429783388391642,-0.6040448345173387,0.3334634319050624,7,0.4,0,15,1.0408445761572274,0.4858334821985386,1.4067283574716534,1.0810495170150665,0.4446011293110684,1.3859274539801814,1.0810089021962133,0.44465576675059726,1.3855258444924816
7.207000000000001,2,2.012756347860851,0.5086235403825533,1.4226293823851959,-0.2525687143594472,0.22897058289274472,0.1223285770543183,-0.23858678613922138,0.23806427410536235,-0.08093526208783051,2,0.4,0,13,1.0408445761572274,0.4858334821985386,1.4067283574716534,1.0810495170150665,0.4446011293110684,1.3859274539801814,1.0810089021962133,0.44465576675059726,1.3855258444924816
7.519,0,0.9122743887005992,1.949111690130071,2.184590848585281,-0.26595924195048787,0.5228155856311113,0.6706497077714759,-0.10809384532443997,0.1482022488297678,0.18370659656018348,0,2.5,7,8,1.0408445761572274,0.4858334821985386,1.4067283574716534,1.0071637943097218,0.5247024308602366,1.4203390322341851,1.0070593460056547,0.5247639144764704,1.420290211664177
7.519,1,1.030311794307172,0.48536013922558685,1.4772593146082342,-0.07380821983209579,-0.00239687264361238,0.18700883256598907,0.08039961866052359,-0.21213987587690675,0.08602771367087823,0,0.4,1,15,1.0408445761572274,0.4858334821985386,1.4067283574716534,1.0071637943097218,0.5247024308602366,1.4203390322341851,1.0070593460056547,0.5247639144764704,1.420290211664177
7.519,2,1.9837718988695077,0.5398012656996564,1.4258022463446307,-0.09289887497225446,0.09992860678558692,0.010169435767419363,0.5117623057281829,-0.4135960772665322,-0.35948442720159984,2,0.4278276899008755,0,14,1.0408445761572274,0.4858334821985386,1.4067283574716534,1.0071637943097218,0.5247024308602366,1.4203390322341851,1.0070593460056547,0.5247639144764704,1.420290211664177
7.819000000000001,0,0.8276223930758528,2.1126254670167444,2.3940525577619325,-0.29838739554781996,0.5672762602800417,0.7257616867395311,-0.10809384532443997,0.1482022488297678,0.18370659656018348,0,2.5,8,8,0.9842967438087571,0.5558700946326135,1.424938565531457,1.0071637943097218,0.5247024308602366,1.4203390322341851,1.0070593460056547,0.5247639144764704,1.420290211664177
7.819000000000001,1,0.9863033636030769,0.5742250828451776,1.4399576430286487,-0.11882424428878963,0.2632485773822773,-0.09790876970447647,-0.15005341485564577,0.8854848334196301,-0.9497253409015495,12,1.0362222948732005,0,16,0.9842967438087571,0.5558700946326135,1.424938565531457,1.0071637943097218,0.5247024308602366,1.4203390322341851,1.0070593460056547,0.5247639144764704,1.420290211664177
7.819000000000001,2,1.9993076460969452,0.5599341013063608,1.4399961133210608,0.051785824091458404,0.06710945202234793,0.0473128899214332,0.4822823302123751,-0.10939718254412971,0.12381151384671249,5,0.4452277387779444,0,15,0.9842967438087571,0.5558700946326135,1.424938565531457,1.0071637943097218,0.5247024308602366,1.4203390322341851,1.0070593460056547,0.5247639144764704,1.420290211664177
8.142000000000001,1,0.9131463074035125,0.6040455297145146,1.4475919758428075,-0.22649243405437855,0.09232336492054802,0.02363570530699356,-0.3333380488098724,-0.5291802243397185,0.3762986842460368,10,0.5450545600110333,0,17,0.9842967438087571,0.5558700946326135,1.424938565531457,0.9315564734973247,0.5957458603940733,1.439829452369026,0.9314465641913298,0.595778939974928,1.4398053085166078
8.142000000000001,2,1.9224779567387524,0.6034660806511618,1.447509306713267,-0.23786281535044176,0.13477392986006492,0.023260660656985236,-0.8967450137520118,0.20948754748519166,-0.07446510608188214,8,0.4512004556793501,0,16,0.9842967438087571,0.5558700946326135,1.424938565531457,0.9315564734973247,0.5957458603940733,1.439829452369026,0.9314465641913298,0.595778939974928,1.4398053085166078
8.409,1,0.8763666879281888,0.6288192766414954,1.4478076781955318,-0.137751383802711,0.09278556901490938,0.0008078739802407451,0.33236348408864314,0.0017311014770088416,-0.08549749560581595,8,0.4,0,18,0.8800672640982009,0.6214581942434654,1.436667493691559,0.9315564734973247,0.5957458603940733,1.439829452369026,0.9314465641913298,0.595778939974928,1.4398053085166078
8.409,2,1.8755495244088332,0.5805125121352598,1.4474360181244057,-0.17576191883864933,-0.08596842140787292,-0.0002744890968585857,0.23258762738499084,-0.8267503792806677,-0.08814662829155008,1,0.4,0,17,0.8800672640982009,0.6214581942434654,1.436667493691559,0.9315564734973247,0.5957458603940733,1.439829452369026,0.9314465641913298,0.595778939974928,1.4398053085166078
8.717,1,0.8052205161762931,0.5992050851421769,1.450116387152443,-0.23099406412953177,-0.09614997240038493,0.007495808301659595,-0.30273597508708056,-0.6134270825171897,0.021714072472139138,3,0.4,0,19,0.8800672640982009,0.6214581942434654,1.436667493691559,0.8311079232900387,0.6504563807575399,1.4301027432016113,0.8309967991587439,0.6504534477534107,1.4300953890944588
8.717,2,1.8261460484446632,0.6480664792034571,1.4407186789906277,-0.16040089598756482,0.21933106190973153,-0.021809542642136845,0.049873450815209476,0.9912320886935216,-0.06991900501713724,7,0.41412084215539147,0,18,0.8800672640982009,0.6214581942434654,1.436667493691559,0.8311079232900387,0.6504563807575399,1.4301027432016113,0.8309967991587439,0.6504534477534107,1.4300953890944588
9.029,1,0.7230966623437411,0.537594837636639,1.4500948966972924,-0.28506327718815716,-0.258527953633202,-0.002371416582886949,-0.140037159971915,-0.39140520274533686,-0.014759852044503488,0,0.42687106999295665,1,19,0.7898993728762773,0.679640307209162,1.421925794457296,0.8311079232900387,0.6504563807575399,1.4301027432016113,0.8309967991587439,0.6504534477534107,1.4300953890944588
9.029,2,1.868227394776174,0.6672065624841272,1.4382051247938108,0.13487611003689398,0.06134642077137891,-0.00805626345133578,0.9464006603348059,-0.5063610292895927,0.0440810230474394,1,0.42646699917409386,0,19,0.7898993728762773,0.679640307209162,1.421925794457296,0.8311079232900387,0.6504563807575399,1.4301027432016113,0.8309967991587439,0.6504534477534107,1.4300953890944588
9.270000000000001,1,0.6503296633972304,0.4639229980207109,1.4490947518175181,-0.31881223274138887,-0.3528566074948288,-0.005928540925612311,-0.140037159971915,-0.39140520274533686,-0.014759852044503488,0,0.9617166880682111,2,19,0.7898993728762773,0.679640307209162,1.421925794457296,0.7646888439706301,0.6997342167396928,1.4153643187005143,0.7645844355344111,0.6997168916029688,1.4153289045739812
9.270000000000001,2,1.7229622825448725,0.7541525822051459,1.4103132318885412,-0.6027598017896294,0.360771866062316,-0.11573399545755002,-3.0607299245913655,1.2424292335723455,-0.44679556849051283,2,0.4,0,20,0.7898993728762773,0.679640307209162,1.421925794457296,0.7646888439706301,0.6997342167396928,1.4153643187005143,0.7645844355344111,0.6997168916029688,1.4153289045739812
9.554,1,0.554139570711329,0.34792713247586615,1.4468158108813935,-0.35858278617341255,-0.464015685074504,-0.010120338906251285,-0.140037159971915,-0.39140520274533686,-0.014759852044503488,0,1.8333429103782368,3,19,0.7411094630868872,0.7215563547127146,1.4072470811309385,0.7646888439706301,0.6997342167396928,1.4153643187005143,0.7645844355344111,0.6997168916029688,1.4153289045739812
9.554,2,1.747626870786695,0.7085960018115638,1.4237459533299917,0.0868471416965588,-0.16041049434359964,0.047298314934685316,2.428193462979545,-1.8351491563588647,0.5740574309585773,8,0.4,0,21,0.7411094630868872,0.7215563547127146,1.4072470811309385,0.7646888439706301,0.6997342167396928,1.4153643187005143,0.7645844355344111,0.6997168916029688,1.4153289045739812
9.845,1,0.4438627365630749,0.19632627613234632,1.4432458527441843,-0.39933359972523985,-0.5779145990733972,-0.014415455851201806,-0.140037159971915,-0.39140520274533686,-0.014759852044503488,0,2.5,4,19,0.7411094630868872,0.7215563547127146,1.4072470811309385,0.7161356458968047,0.7435299357153399,1.4021227289411156,0.7160443253660941,0.7435114921629273,1.4020918360511674
9.845,2,1.7171250073308642,0.7325619666731195,1.3911724345689795,-0.10481740019185878,0.08235726756548328,-0.11193649058766995,-0.6586410374172417,0.8342534773507994,-0.5471986444067185,6,0.4,0,22,0.7411094630868872,0.7215563547127146,1.4072470811309385,0.7161356458968047,0.7435299357153399,1.4021227289411156,0.7160443253660941,0.7435114921629273,1.4020918360511674
10.099,1,0.3379146835264901,0.03691001893754464,1.4391082036507274,-0.4349030383581062,-0.6773315205707126,-0.018164458270505685,-0.140037159971915,-0.39140520274533686,-0.014759852044503488,0,2.5,5,19,0.6671409108932524,0.7515618466381068,1.3810612950387788,0.7161356458968047,0.7435299357153399,1.4021227289411156,0.7160443253660941,0.7435114921629273,1.4020918360511674
10.099,2,1.6865284838552252,0.7056976711499502,1.337499507502783,-0.12045875384109825,-0.1057649430046036,-0.21131073648108994,-0.06158013247732083,-0.7406386242916819,-0.3912371885567723,1,0.4,0,23,0.6671409108932524,0.7515618466381068,1.3810612950387788,0.7161356458968047,0.7435299357153399,1.4021227289411156,0.7160443253660941,0.7435114921629273,1.4020918360511674
10.388,1,0.20637968362199044,-0.17518406747663784,1.4332422964092468,-0.47537377758998955,-0.7904476241641147,-0.02243005551136719,-0.140037159971915,-0.39140520274533686,-0.014759852044503488,0,2.5,6,19,0.6671409108932524,0.7515618466381068,1.3810612950387788,0.6124991228919687,0.7624858311666737,1.3480033416800157,0.6124075320398457,0.7624366083215386,1.3479807106362607
10.388,2,1.612093970649963,0.6935897100254559,1.3834521074486716,-0.25755886922236076,-0.0418960592543056,0.1590055361449439,-0.47439486291094346,0.22099959775189645,1.2813711855572119,1,0.4,0,24,0.6671409108932524,0.7515618466381068,1.3810612950387788,0.6124991228919687,0.7624858311666737,1.3480033416800157,0.6124075320398457,0.7624366083215386,1.3479807106362607
10.648000000000001,1,0.07804924544154163,-0.3939299456121015,1.426911598977187,-0.5117834391826876,-0.8922129768779029,-0.02626761704293812,-0.140037159971915,-0.39140520274533686,-0.014759852044503488,0,2.5,7,19,0.5679197705445208,0.7745719582142508,1.3244991702675342,0.6124991228919687,0.7624858311666737,1.3480033416800157,0.6124075320398457,0.7624366083215386,1.3479807106362607
10.648000000000001,2,1.5964912871871269,0.7176265289067312,1.362742666088805,-0.060010321010908176,0.09244930338951979,-0.07965169753794811,0.7598021085055824,0.5167129332454791,-0.9179124372418868,1,0.4,0,25,0.5679197705445208,0.7745719582142508,1.3244991702675342,0.6124991228919687,0.7624858311666737,1.3480033416800157,0.6124075320398457,0.7624366083215386,1.3479807106362607
10.950000000000001,1,-0.0828953277606691,-0.6812271246848205,1.418305699857286,-0.5540746614942059,-1.0104173481069945,-0.030725092360378167,-0.140037159971915,-0.39140520274533686,-0.014759852044503488,0,2.5,8,19,0.5679197705445208,0.7745719582142508,1.3244991702675342,0.520626208325351,0.7902004214266888,1.3027797895560476,0.5205324547904934,0.7901373799817819,1.302773568048249
10.950000000000001,2,1.5088682222099425,0.7913030290707955,1.3278179113722632,-0.2901425992622001,0.24396192107306108,-0.11564488316735702,-0.7620274114281199,0.5016974095481507,-0.11918273387221509,6,0.40777646701393633,0,26,0.5679197705445208,0.7745719582142508,1.3244991702675342,0.520626208325351,0.7902004214266888,1.3027797895560476,0.5205324547904934,0.7901373799817819,1.302773568048249
11.214,2,1.4801488207463702,0.8125226122176875,1.3040749341313056,-0.10878561160444132,0.08037720888974256,-0.08993551985211293,0.6869582865824213,-0.6196390613004504,0.09738395195168241,9,0.4,0,27,0.48458942759104917,0.8052253129188134,1.2872835721018772,0.520626208325351,0.7902004214266888,1.3027797895560476,0.5205324547904934,0.7901373799817819,1.302773568048249
11.507000000000001,2,1.4637357282478032,0.8035639696219709,1.2934348733955,-0.05601738054118385,-0.03057557199903286,-0.03631420046350018,0.18009635175173133,-0.37867843306749155,0.18300791600209063,8,0.4,0,28,0.48458942759104917,0.8052253129188134,1.2872835721018772,0.4484017255897905,0.822699797741222,1.2718523888401736,0.4483150992844889,0.8226381514353738,1.271859065281327
11.831000000000001,2,1.3770217699464298,0.8571723520260652,1.260255382292161,-0.2676356737696711,0.1654579703830074,-0.10240583673870052,-0.6531428803348376,0.6050417974754332,-0.20398653171358141,6,0.42876962682858943,0,29,0.4166564255866064,0.841619190248985,1.2575093870127818,0.4484017255897905,0.822699797741222,1.2718523888401736,0.4483150992844889,0.8226381514353738,1.271859065281327
12.097000000000001,2,1.3702364240774485,0.8705471440484257,1.2554442032825075,-0.02550881905632058,0.05028117301639275,-0.018087139134035084,0.9102513335088366,-0.4329954788218596,0.31698758497994517,3,0.4,0,30,0.4166564255866064,0.841619190248985,1.2575093870127818,0.39557236276774055,0.8565745668552512,1.2469360610353875,0.3954934054222958,0.8565208454820181,1.2469327129520997
12.383000000000001,2,1.3468826624933048,0.8853945056653193,1.2470624464268185,-0.08165650903546762,0.05191385180732034,-0.02930684215275911,-0.19632059433268226,0.005708667101145437,-0.03922973083469945,6,0.4,0,31,0.3566295275170009,0.8614022120649741,1.218798140999234,0.39557236276774055,0.8565745668552512,1.2469360610353875,0.3954934054222958,0.8565208454820181,1.2469327129520997
12.665000000000001,2,1.300548650550331,0.8513446616679878,1.1929559625633002,-0.16430500688997807,-0.12074412765011155,-0.1918669640550292,-0.2930797796259236,-0.6122623385015314,-0.5764543329867733,5,0.4,0,32,0.3566295275170009,0.8614022120649741,1.218798140999234,0.3112440675857777,0.858030705754644,1.1686432439180623,0.31119276578002864,0.857963575908478,1.1686215008015008
12.665000000000001,3,0.2899571359157562,0.843058168888092,1.1808671951293945,0.0,0.0,0.0,0.0,0.0,0.0,10,0.5,0,1,0.3566295275170009,0.8614022120649741,1.218798140999234,0.3112440675857777,0.858030705754644,1.1686432439180623,0.31119276578002864,0.857963575908478,1.1686215008015008
12.927000000000001,2,1.2481007029258904,0.8513594951290485,1.1422382848746944,-0.20018300620015464,5.661626359038734e-05,-0.19357892247559516,-0.13693892866479584,0.4610715416553501,-0.00653419244490822,7,0.4,0,33,0.2666387633588984,0.8570619693060253,1.129256010622078,0.3112440675857777,0.858030705754644,1.1686432439180623,0.31119276578002864,0.857963575908478,1.1686215008015008
12.927000000000001,3,0.2710251191519471,0.8464072961250683,1.1504683822323996,-0.07225960596873698,0.012782928385405411,-0.11602600342364475,-0.2758000227814384,0.048789802997730496,-0.4428473413116204,23,0.9072547569605802,0,2,0.2666387633588984,0.8570619693060253,1.129256010622078,0.3112440675857777,0.858030705754644,1.1686432439180623,0.31119276578002864,0.857963575908478,1.1686215008015008
13.259,2,1.2167519971816132,0.8567179027171413,1.0972188591561673,-0.09442381248276253,0.016139781891845853,-0.13560067987508112,0.31855178830539893,0.048443269964625044,0.17463326084492237,6,0.43451105916642174,0,34,0.2666387633588984,0.8570619693060253,1.129256010622078,0.21021489515069836,0.8584050874975181,1.0920984477115108,0.210163575082987,0.8583196345566606,1.0920825708504422
13.259,3,0.25600617441188356,0.84906418986899,1.1263527216158156,-0.04700688712702242,0.008315651098699986,-0.07547814817997285,-0.010657239550512702,0.0018852957767200168,-0.01711214579704967,0,0.7580174300093445,1,2,0.2666387633588984,0.8570619693060253,1.129256010622078,0.21021489515069836,0.8584050874975181,1.0920984477115108,0.210163575082987,0.8583196345566606,1.0920825708504422
13.591000000000001,2,1.1457963300558394,0.8622636532314757,1.0755910964034636,-0.21372188893305358,0.01670406781426011,-0.06514386371296323,-0.359331555573165,0.001699656392814024,0.21221932578951125,6,0.480395920502651,0,35,0.153321406133611,0.8640596782901303,1.0628252771769424,0.21021489515069836,0.8584050874975181,1.0920984477115108,0.210163575082987,0.8583196345566606,1.0920825708504422
13.591000000000001,3,0.16339939420130323,0.8673739720877345,1.089284193322753,-0.27893608497162686,0.055149946442001274,-0.11165219365380215,-0.6985819212186866,0.14106715464849753,-0.10895796829466632,27,1.8600554432136693,0,3,0.153321406133611,0.8640596782901303,1.0628252771769424,0.21021489515069836,0.8584050874975181,1.0920984477115108,0.210163575082987,0.8583196345566606,1.0920825708504422
13.934000000000001,2,1.1038827408347909,0.8715134778769025,1.0551776226890666,-0.12219705312259067,0.026967418791331736,-0.059514500625063985,0.26683625600718053,0.02992230605560241,0.01641213728250508,12,0.49324815139064515,0,36,0.153321406133611,0.8640596782901303,1.0628252771769424,0.10207726157823993,0.8725680124452231,1.0402014485936149,0.10202020089111295,0.8724788754982185,1.0402047937947225
13.934000000000001,3,0.0929344984069927,0.8844571456608944,1.052400168072975,-0.20543701397758174,0.04980517076723008,-0.10753360131130667,0.21428300581354265,-0.015582436369595318,0.012007557849841052,20,0.7238022571335514,0,4,0.153321406133611,0.8640596782901303,1.0628252771769424,0.10207726157823993,0.8725680124452231,1.0402014485936149,0.10202020089111295,0.8724788754982185,1.0402047937947225
13.934000000000001,4,0.08849123120307922,1.885618895292282,1.04883474111557,0.0,0.0,0.0,0.0,0.0,0.0,28,0.5,0,1,0.153321406133611,0.8640596782901303,1.0628252771769424,0.10207726157823993,0.8725680124452231,1.0402014485936149,0.10202020089111295,0.8724788754982185,1.0402047937947225
14.270000000000001,2,1.0683081949941509,0.8846350843526585,1.0471077985626462,-0.09240784285178173,0.04466632753261468,-0.008432459602160231,0.08017131948769132,0.03341623397113385,0.09276710778228942,0,0.4839370508318311,1,36,0.05822379429061405,0.883832725653713,1.0217119430863524,0.10207726157823993,0.8725680124452231,1.0402014485936149,0.10202020089111295,0.8724788754982185,1.0402047937947225
14.270000000000001,3,0.05460941016697324,0.8902131830295487,1.0308741349621129,-0.11406276261910542,0.0171310635971853,-0.06406557473470857,0.2719471766621317,-0.09724436657751413,0.12936912671606565,12,0.4872902858508097,0,5,0.05822379429061405,0.883832725653713,1.0217119430863524,0.10207726157823993,0.8725680124452231,1.0402014485936149,0.10202020089111295,0.8724788754982185,1.0402047937947225
14.270000000000001,4,0.05976097270384806,1.8851256770847251,1.038727283187332,-0.0855067217239022,-0.001467911332014682,-0.03008172002451841,-0.2544842908449468,-0.0043687837262341685,-0.08952892864439996,43,1.0769264226053705,0,2,0.05822379429061405,0.883832725653713,1.0217119430863524,0.10207726157823993,0.8725680124452231,1.0402014485936149,0.10202020089111295,0.8724788754982185,1.0402047937947225
14.628,2,1.020263516141298,0.9071347311482189,1.0219463958851336,-0.11805173255623845,0.06430968835058949,-0.08336451710323649,-0.07163097682809164,0.054869722955237094,-0.2093074231873646,14,1.371096467730553,0,37,0.05822379429061405,0.883832725653713,1.0217119430863524,0.019394011309022963,0.8967650396633257,1.0051008921106364,0.01934270789585207,0.8966865551348646,1.0050954556710932
14.628,3,0.018015456469056,0.8966638494333172,1.0202860343523763,-0.1022177477595457,0.01801862123957707,-0.02957570002719726,0.03308663368592111,0.002479211291597128,0.09634043214388667,16,0.5204697531300345,0,6,0.05822379429061405,0.883832725653713,1.0217119430863524,0.019394011309022963,0.8967650396633257,1.0051008921106364,0.01934270789585207,0.8966865551348646,1.0050954556710932
14.628,4,0.01006234621124441,1.9019029342138092,1.0182880100344613,-0.1388229790296196,0.046863846729285265,-0.057092941767794975,-0.1489280930327307,0.1350049107857545,-0.07545034006501859,35,0.8159549922704163,0,3,0.05822379429061405,0.883832725653713,1.0217119430863524,0.019394011309022963,0.8967650396633257,1.0051008921106364,0.01934270789585207,0.8966865551348646,1.0050954556710932
14.991000000000001,2,0.9820471385390774,0.9088178110389818,0.9985449870186026,-0.10527927714110344,0.004636583721110163,-0.06446669109237159,0.03518582758990348,-0.16438871798754576,0.05206012675169375,23,0.6746147250686539,0,38,-0.007712048162165188,0.9110139609983066,0.9818537426044934,0.019394011309022963,0.8967650396633257,1.0051008921106364,0.01934270789585207,0.8966865551348646,1.0050954556710932
14.991000000000001,3,-0.010774450323496776,0.9089460870588175,1.0034484421395704,-0.07931103799601287,0.033835365359504814,-0.046384551550429295,0.06310388364609572,0.04357229785104046,-0.046305376097057774,21,0.5470093668772757,0,7,-0.007712048162165188,0.9110139609983066,0.9818537426044934,0.019394011309022963,0.8967650396633257,1.0051008921106364,0.01934270789585207,0.8966865551348646,1.0050954556710932
14.991000000000001,4,-0.014034289633471864,1.9126597456057872,1.0046830867274625,-0.06638191692759281,0.029633089234099172,-0.03747912756748938,0.19956215455103726,-0.04746765150188989,0.054032546006351295,26,0.6109437478979755,0,4,-0.007712048162165188,0.9110139609983066,0.9818537426044934,0.019394011309022963,0.8967650396633257,1.0051008921106364,0.01934270789585207,0.8966865551348646,1.0050954556710932
15.32,2,0.926059509184014,0.8780194686751919,0.9433906078901282,-0.17017516521295895,-0.09361198286866287,-0.1676424897522025,-0.19725193942813293,-0.2986278619749951,-0.31360425124568775,14,0.48414049693292316,0,39,-0.06488986714856661,0.8945479079296095,0.941850839022066,-0.06498446409508396,0.8943703327222208,0.9418503759252375,-0.06501970628731248,0.8942946245894059,0.941833451583788
15.32,3,-0.07749261456182599,0.8938125473946623,0.956275574228643,-0.20279077276087978,-0.045998600802903515,-0.14338257723686207,-0.3753183427503567,-0.24265643210458543,-0.29482682579462954,20,0.4809242635488922,0,8,-0.06488986714856661,0.8945479079296095,0.941850839022066,-0.06498446409508396,0.8943703327222208,0.9418503759252375,-0.06501970628731248,0.8942946245894059,0.941833451583788
15.32,4,-0.06521253935066584,1.884158386627217,0.9523613288297934,-0.15555699002186674,-0.08663027045158198,-0.1590326987771107,-0.2710488543898913,-0.3533840719929531,-0.36946374227848555,24,0.49564545665345283,0,5,-0.06488986714856661,0.8945479079296095,0.941850839022066,-0.06498446409508396,0.8943703327222208,0.9418503759252375,-0.06501970628731248,0.8942946245894059,0.941833451583788
15.655000000000001,2,0.8645717116655569,0.886286212351874,0.906916191434529,-0.18354566423420024,0.02467684679606597,-0.10887885509134072,-0.03991193737683958,0.3531009840738165,0.17541383480854217,19,0.4687403886631064,0,40,-0.06488986714856661,0.8945479079296095,0.941850839022066,-0.06498446409508396,0.8943703327222208,0.9418503759252375,-0.06501970628731248,0.8942946245894059,0.941833451583788
15.655000000000001,3,-0.15939671730481586,0.8680135326105037,0.894405418338597,-0.271182874780513,-0.09583604949269181,-0.20959179011547016,-0.15936128863412116,-0.11238247798428569,-0.1486851200469878,0,0.464868963217973,1,8,-0.06488986714856661,0.8945479079296095,0.941850839022066,-0.06498446409508396,0.8943703327222208,0.9418503759252375,-0.06501970628731248,0.8942946245894059,0.941833451583788
15.655000000000001,4,-0.1247866090240084,1.8361385270160053,0.8815608355499291,-0.193084593525233,-0.17601833862813906,-0.24215147033881476,-0.09105402820424272,-0.1950774574152845,-0.18392068226578304,0,0.46670955862649965,1,5,-0.06488986714856661,0.8945479079296095,0.941850839022066,-0.06498446409508396,0.8943703327222208,0.9418503759252375,-0.06501970628731248,0.8942946245894059,0.941833451583788
16.0,2,0.812234764977033,0.8748903278763079,0.8735464005268321,-0.1517012947493453,-0.03303154920453939,-0.096724031616513,0.09230252024595667,-0.16727071304523347,0.03523137239080512,22,0.49293236197349277,0,41,-0.1870056311820644,0.86724262390384,0.8498927245688855,-0.18707108227385372,0.8670300683802485,0.8498929302498417,-0.18710147310016312,0.8669352024776018,0.849882432675889
16.0,3,-0.18565518413757343,0.8769242375736758,0.8717133156479185,-0.10831422812129309,0.004786619644302492,-0.09192425095871441,0.47208303379484184,0.29165991054201346,0.3410653308891482,16,1.305026748347695,0,9,-0.1870056311820644,0.86724262390384,0.8498927245688855,-0.18707108227385372,0.8670300683802485,0.8498929302498417,-0.18710147310016312,0.8669352024776018,0.849882432675889
16.0,4,-0.19681964664371854,1.7638026530048707,0.7870729986796958,-0.22449823325569662,-0.243320061436412,-0.3056041057205097,-0.09105402820424272,-0.1950774574152845,-0.18392068226578304,0,1.3109183511439704,2,5,-0.1870056311820644,0.86724262390384,0.8498927245688855,-0.18707108227385372,0.8670300683802485,0.8498929302498417,-0.18710147310016312,0.8669352024776018,0.849882432675889
16.306,2,0.7691928381229962,0.8725773833849095,0.8436099184031125,-0.14065989167985818,-0.007558642128752935,-0.09783164092718805,0.036083016566951245,0.08324479436531496,-0.003619638270179893,19,0.42414257773944075,0,42,-0.1870056311820644,0.86724262390384,0.8498927245688855,-0.18707108227385372,0.8670300683802485,0.8498929302498417,-0.18710147310016312,0.8669352024776018,0.849882432675889
16.306,3,-0.23218477989887354,0.8709935282687596,0.8412680290404224,-0.1520575024879084,-0.019381402957242184,-0.09949440067809179,-0.14295187701508227,-0.07898046601811962,-0.02473905137051422,16,0.5338433406879917,0,10,-0.1870056311820644,0.86724262390384,0.8498927245688855,-0.18707108227385372,0.8670300683802485,0.8498929302498417,-0.18710147310016312,0.8669352024776018,0.849882432675889
16.306,4,-0.26977907351242814,1.6802135778040594,0.6849473438269001,-0.252360765886195,-0.30301376340548924,-0.3618838344938395,-0.09105402820424272,-0.1950774574152845,-0.18392068226578304,0,2.4175177919259316,3,5,-0.1870056311820644,0.86724262390384,0.8498927245688855,-0.18707108227385372,0.8670300683802485,0.8498929302498417,-0.18710147310016312,0.8669352024776018,0.849882432675889
16.647000000000002,2,0.6982968935460456,0.8619062684014323,0.8173759611407401,-0.20790599582683358,-0.03129359232691275,-0.0769324259893614,-0.19720265145740526,-0.06960395952539512,0.061288020345532504,29,0.4581843244846201,0,43,-0.2972955612638322,0.8549708933085133,0.8003919606142686,-0.29734798119372896,0.8547565864007931,0.8003866543054378,-0.29737656708175836,0.8546593952544637,0.8003737534635179
16.647000000000002,3,-0.2928692900820191,0.8562297358369173,0.8188818938313474,-0.17796044041978118,-0.04329557897900965,-0.06564849034919353,-0.07596169481487597,-0.07012954845093076,0.09925486899970133,11,0.4653078611972965,0,11,-0.2972955612638322,0.8549708933085133,0.8003919606142686,-0.29734798119372896,0.8547565864007931,0.8003866543054378,-0.29737656708175836,0.8546593952544637,0.8003737534635179
16.647000000000002,4,-0.30172076731750563,1.8530957476194947,0.8174561406927412,-0.09782860631785244,0.5003742567581381,0.3839205127103548,0.45317348847021127,2.355976598720307,2.1871095225929382,13,2.5,0,6,-0.2972955612638322,0.8549708933085133,0.8003919606142686,-0.29734798119372896,0.8547565864007931,0.8003866543054378,-0.29737656708175836,0.8546593952544637,0.8003737534635179
16.986,2,0.6183252421017473,0.8486160857102127,0.7959714612313773,-0.2536442875925086,-0.04450260302204097,-0.05562038362673725,-0.10465906230474536,-0.03125973030607661,0.04436421297933478,0,0.4811970666335921,1,43,-0.2972955612638322,0.8549708933085133,0.8003919606142686,-0.29734798119372896,0.8547565864007931,0.8003866543054378,-0.29737656708175836,0.8546593952544637,0.8003737534635179
16.986,3,-0.329916151320514,0.8502483484363227,0.7969136353865713,-0.10928277651473459,-0.017644210621223132,-0.06480312225597637,0.2025889790709347,0.07566775326780714,0.0024937111894311466,12,0.48931165103500995,0,12,-0.2972955612638322,0.8549708933085133,0.8003919606142686,-0.29734798119372896,0.8547565864007931,0.8003866543054378,-0.29737656708175836,0.8546593952544637,0.8003737534635179
16.986,4,-0.34557051163836605,1.8553390050181229,0.7969975869151158,-0.12935027823262712,0.006617278462030397,-0.0603497161581871,-0.09298428293443899,-1.4565102604605005,-1.310531648579775,19,0.8332913310472161,0,7,-0.2972955612638322,0.8549708933085133,0.8003919606142686,-0.29734798119372896,0.8547565864007931,0.8003866543054378,-0.29737656708175836,0.8546593952544637,0.8003737534635179
17.331,2,0.605674997905054,0.8593856328779291,0.7783695482587134,-0.05857994043383775,0.033978418663794134,-0.04743040367893439,0.5654039048077435,0.22748122227778364,0.023739072312472128,36,1.3254887392213397,0,44,-0.3846915772199728,0.8559123637485163,0.7662113218463716,-0.3847496932554918,0.8557221479055901,0.7662122541586578,-0.3847779306732807,0.8556381194109579,0.7662060224391276
17.331,3,-0.38989001484907726,0.871994609570967,0.7904158993044678,-0.17383728559003903,0.06303264096998364,-0.018834017629285955,-0.18711451905885407,0.23384594664117983,0.13324378152663932,12,0.4960634516325396,0,13,-0.3846915772199728,0.8559123637485163,0.7662113218463716,-0.3847496932554918,0.8557221479055901,0.7662122541586578,-0.3847779306732807,0.8556381194109579,0.7662060224391276
17.331,4,-0.3913966401521505,1.854063649947019,0.7873390016424745,-0.1328293580109698,-0.00369668136551834,-0.027995899340989356,-0.010084289212587465,-0.029895535732025424,0.09377917918028364,14,0.49943702883418967,0,8,-0.3846915772199728,0.8559123637485163,0.7662113218463716,-0.3847496932554918,0.8557221479055901,0.7662122541586578,-0.3847779306732807,0.8556381194109579,0.7662060224391276
17.632,2,0.5909214977492522,0.8644554745111943,0.7751561892921943,-0.049014950683726334,0.016843327685266276,-0.010675611184448907,0.031777374585087545,-0.056927212553248334,0.12210894516440281,29,0.5217208265584836,0,45,-0.3846915772199728,0.8559123637485163,0.7662113218463716,-0.3847496932554918,0.8557221479055901,0.7662122541586578,-0.3847779306732807,0.8556381194109579,0.7662060224391276
17.632,3,-0.41328345288084956,0.8529359770592908,0.7645540871020806,-0.0777190632284789,-0.0633177159856347,-0.0859196418683951,0.3193296423972077,-0.41976862775952667,-0.22287582803690603,9,0.41893057368065045,0,14,-0.3846915772199728,0.8559123637485163,0.7662113218463716,-0.3847496932554918,0.8557221479055901,0.7662122541586578,-0.3847779306732807,0.8556381194109579,0.7662060224391276
17.632,4,-0.4104182387175609,1.8414559079820505,0.7774760173031935,-0.06319467961930329,-0.04188618593012782,-0.03276738983149816,0.23134444648394037,-0.12687543044720678,-0.01585212787544444,16,0.41829974252757984,0,9,-0.3846915772199728,0.8559123637485163,0.7662113218463716,-0.3847496932554918,0.8557221479055901,0.7662122541586578,-0.3847779306732807,0.8556381194109579,0.7662060224391276
17.979000000000003,2,0.5410100009507797,0.8403241499069545,0.7486385831639911,-0.14383716656620277,-0.06954272220242001,-0.0764196142023144,-0.2732628699783172,-0.24895115241408058,-0.18946398564226297,35,0.4659231439510558,0,46,-0.46774794690539523,0.8319895176649399,0.7365611814090459,-0.46777436417930107,0.8318211255871816,0.7365447924648351,-0.4677848996174347,0.831748190547291,0.7365276641576614
17.979000000000003,3,-0.4558235801335695,0.8248066919121381,0.7608273355731683,-0.12259402666489849,-0.08106422232608827,-0.010739917950756276,-0.129322661200056,-0.05114266956903029,0.21665626489233006,8,0.47031324012912373,0,15,-0.46774794690539523,0.8319895176649399,0.7365611814090459,-0.46777436417930107,0.8318211255871816,0.7365447924648351,-0.4677848996174347,0.831748190547291,0.7365276641576614
17.979000000000003,4,-0.44051575621756034,1.8297437128770353,0.7511006149472209,-0.08673636167146782,-0.03375272364557714,-0.07600980506043942,-0.06784346412727504,0.02343937257795577,-0.12461791132259681,11,0.46751366241121184,0,10,-0.46774794690539523,0.8319895176649399,0.7365611814090459,-0.46777436417930107,0.8318211255871816,0.7365447924648351,-0.4677848996174347,0.831748190547291,0.7365276641576614
18.314,2,0.45093741939747,0.7951722520787864,0.7369856514391757,-0.26887337777107573,-0.13478178456169687,-0.034784870820344864,-0.3732424215070865,-0.1947434697291862,0.1242828160655817,27,0.47800809447988857,0,47,-0.5438621697660924,0.7942197683750952,0.7157945436459519,-0.5438763534736858,0.7940216943366408,0.7157866394003348,-0.5438871929288818,0.7939383441398693,0.7157827410655281
18.314,3,-0.5341150955158749,0.7852254700100723,0.7425274678373854,-0.23370601606658514,-0.1181529012001974,-0.05462647085308324,-0.33167758030354494,-0.11071247425107293,-0.13100463552933528,8,0.4874612512555575,0,16,-0.5438621697660924,0.7942197683750952,0.7157945436459519,-0.5438763534736858,0.7940216943366408,0.7157866394003348,-0.5438871929288818,0.7939383441398693,0.7157827410655281
18.314,4,-0.46578365621814377,1.8154254560949248,0.7193971395176424,-0.07280038796865396,-0.045803703527980334,-0.10647549409358856,0.015678681774731654,-0.018284408995548583,-0.07067614331518735,0,0.4864116633572232,1,10,-0.5438621697660924,0.7942197683750952,0.7157945436459519,-0.5438763534736858,0.7940216943366408,0.7157866394003348,-0.5438871929288818,0.7939383441398693,0.7157827410655281
18.597,2,0.3532470576661839,0.741421888170799,0.7269102069621592,-0.3838059461856525,-0.21612271972608466,-0.03371588537056527,-0.27286446426485367,-0.18510321703342233,0.01333139175533217,0,0.4,1,47,-0.5438621697660924,0.7942197683750952,0.7157945436459519,-0.5438763534736858,0.7940216943366408,0.7157866394003348,-0.5438871929288818,0.7939383441398693,0.7157827410655281
18.597,3,-0.5824283739512803,0.7684662052102709,0.7375990647655175,-0.1707182983583224,-0.05922001696042867,-0.017414851844056396,0.22257144066523843,0.20824340720766246,0.13148981981988225,10,0.4,0,17,-0.5438621697660924,0.7942197683750952,0.7157945436459519,-0.5438763534736858,0.7940216943366408,0.7157866394003348,-0.5438871929288818,0.7939383441398693,0.7157827410655281
18.597,4,-0.5755121387181521,1.7542223790935636,0.7099877654646632,-0.40003024120423464,-0.20794850807979953,-0.05037491714653494,-1.1562892340479831,-0.5729498394057191,0.19823525422987057,6,1.1550129837617937,0,11,-0.5438621697660924,0.7942197683750952,0.7157945436459519,-0.5438763534736858,0.7940216943366408,0.7157866394003348,-0.5438871929288818,0.7939383441398693,0.7157827410655281
18.921000000000003,2,0.3353804479211824,0.7528050798764117,0.7001168502950466,-0.07238795690853804,0.0323622861959383,-0.07476417057234716,0.9611666335713361,0.7669290306235238,-0.12669223827710396,18,1.102244775118615,0,48,-0.6574380722185484,0.7458742060005872,0.6887449554548167,-0.6574412035445184,0.745664120417305,0.6887379488972576,-0.6574495584202456,0.7455785154545094,0.6887449704195205
18.921000000000003,3,-0.6625089575711427,0.737547551310221,0.6998679083854367,-0.24716229512303076,-0.09542794413595596,-0.1164541863582738,-0.2359382616194691,-0.11175286165286144,-0.30567695837721265,10,0.41856936388360766,0,18,-0.6574380722185484,0.7458742060005872,0.6887449554548167,-0.6574412035445184,0.745664120417305,0.6887379488972576,-0.6574495584202456,0.7455785154545094,0.6887449704195205
18.921000000000003,4,-0.6610066553971117,1.7391507377201794,0.7037515832877227,-0.2638719650585159,-0.04651741164624741,-0.019247475854754694,0.42024159304233966,0.4982441247949115,0.09607234966598793,10,0.5558329467483784,0,12,-0.6574380722185484,0.7458742060005872,0.6887449554548167,-0.6574412035445184,0.745664120417305,0.6887379488972576,-0.6574495584202456,0.7455785154545094,0.6887449704195205
19.229000000000003,2,0.28723494388303045,0.7288144994924458,0.6944952042624594,-0.1563165715524414,-0.07789149475313589,-0.01825209750840016,-0.27249550209059553,-0.3579668212632281,0.1834807567011267,19,0.5273243183430709,0,49,-0.7065075324309157,0.7285988363837799,0.6770592346349704,-0.7065076757356907,0.7283972542703381,0.6770556955061728,-0.7065131217526129,0.728316524573454,0.6770625446185219
19.229000000000003,3,-0.6829746744285115,0.7155144548043679,0.6933181112176323,-0.06644713265379469,-0.07153602761640607,-0.021265575220144006,0.5867375404845331,0.07757115753100617,0.30905393226665534,9,0.41960728454408625,0,19,-0.7065075324309157,0.7285988363837799,0.6770592346349704,-0.7065076757356907,0.7283972542703381,0.6770556955061728,-0.7065131217526129,0.728316524573454,0.6770625446185219
19.229000000000003,4,-0.7034460006820353,1.729550005945752,0.6924044790845707,-0.13779008209390806,-0.0311712070598291,-0.036841247412831075,0.4093567628721036,0.049825339566293245,-0.05712263492881945,11,0.4243903856569664,0,13,-0.7065075324309157,0.7285988363837799,0.6770592346349704,-0.7065076757356907,0.7283972542703381,0.6770556955061728,-0.7065131217526129,0.728316524573454,0.6770625446185219
19.496000000000002,2,0.26845937183288204,0.7310500213288866,0.6854574110068501,-0.07032049456984435,0.00837274096045254,-0.03384941294235669,0.32208268532807954,0.32308702514452664,-0.058416911737665014,13,0.4,0,50,-0.7065075324309157,0.7285988363837799,0.6770592346349704,-0.7065076757356907,0.7283972542703381,0.6770556955061728,-0.7065131217526129,0.728316524573454,0.6770625446185219
19.496000000000002,3,-0.7506009779531351,0.6961920463851915,0.6815605458521892,-0.25328203567274815,-0.07236857085833884,-0.04403582533873825,-0.6997561910822241,-0.0031181394828942778,-0.0852818356501659,6,0.4,0,20,-0.7065075324309157,0.7285988363837799,0.6770592346349704,-0.7065076757356907,0.7283972542703381,0.6770556955061728,-0.7065131217526129,0.728316524573454,0.6770625446185219
19.496000000000002,4,-0.7481578228066865,1.7256213400753213,0.6743006278568209,-0.16746000795749544,-0.014714104383635185,-0.06780468624625458,-0.11112331784115147,0.0616370886748837,-0.11596793570570622,7,0.4,0,14,-0.7065075324309157,0.7285988363837799,0.6770592346349704,-0.7065076757356907,0.7283972542703381,0.6770556955061728,-0.7065131217526129,0.728316524573454,0.6770625446185219
19.812,2,0.2351458428150669,0.7089929214722542,0.6785913360931398,-0.10542256018295967,-0.0698009489133939,-0.02172808516996947,-0.11108248611745393,-0.24738509453748958,0.03835863219109892,18,0.4,0,51,-0.7768769156580819,0.7084141422253679,0.6567116455611929,-0.7768760042186114,0.7082395893685832,0.6567032523731772,-0.7768846270385016,0.7081680833201698,0.6567091750864958
19.812,3,-0.7935722186425807,0.7199290243525884,0.6590649569964668,-0.13598493889065102,0.07511701888416776,-0.0711885723282353,0.37119334424714406,0.4667265498180604,-0.08592641452372514,4,0.4127640736210526,0,21,-0.7768769156580819,0.7084141422253679,0.6567116455611929,-0.7768760042186114,0.7082395893685832,0.6567032523731772,-0.7768846270385016,0.7081680833201698,0.6567091750864958
19.812,4,-0.7571815239144353,1.7315211549097935,0.6739934599074026,-0.02855601616376196,0.018670300109089443,-0.0009720504728426964,0.43956959428396813,0.10564684966052133,0.21149568282725348,6,0.40068405547161723,0,15,-0.7768769156580819,0.7084141422253679,0.6567116455611929,-0.7768760042186114,0.7082395893685832,0.6567032523731772,-0.7768846270385016,0.7081680833201698,0.6567091750864958
20.122,2,0.1880733645320607,0.6912557630805778,0.6594735919959047,-0.1518467041387303,-0.05721663997315005,-0.06167014224914565,-0.14975530308313167,0.04059454496852872,-0.1288453454166979,23,0.4109866175372314,0,52,-0.7768769156580819,0.7084141422253679,0.6567116455611929,-0.7768760042186114,0.7082395893685832,0.6567032523731772,-0.7768846270385016,0.7081680833201698,0.6567091750864958
20.122,3,-0.8023869159633692,0.6826939798581892,0.6685404207700849,-0.028434507486414778,-0.1201130467561269,0.030566012172961662,0.3469368754975377,-0.6297744052912757,0.32824059516515286,9,0.4363683688427985,0,22,-0.7768769156580819,0.7084141422253679,0.6567116455611929,-0.7768760042186114,0.7082395893685832,0.6567032523731772,-0.7768846270385016,0.7081680833201698,0.6567091750864958
20.122,4,-0.7940192088969373,1.6810150032585875,0.6800697593742231,-0.1188312418790394,-0.1629230698426007,0.019600966022001804,-0.2912104055331542,-0.5857850643602931,0.06636456933820835,9,0.4196574042326624,0,16,-0.7768769156580819,0.7084141422253679,0.6567116455611929,-0.7768760042186114,0.7082395893685832,0.6567032523731772,-0.7768846270385016,0.7081680833201698,0.6567091750864958
20.433,2,0.10598651716343682,0.6178849482112848,0.7033538745771528,-0.2639448468444498,-0.23591901887232472,0.14109415620980117,-0.36044418876437145,-0.5746057199330377,0.6519752362024015,15,0.404769157281955,0,53,-0.8828945849616993,0.6165063152900632,0.6863273257490269,-0.8828502692344304,0.6163377389179178,0.6862972930700472,-0.8826977923360241,0.6164829112444172,0.6861942243973984
20.433,3,-0.8785097800803741,0.638359395599834,0.6965159614399992,-0.2447680518231668,-0.1425549333066085,0.089953506977216,-0.6956062518866626,-0.07216040691473188,0.19095657493329374,6,0.42100249880659707,0,23,-0.8828945849616993,0.6165063152900632,0.6863273257490269,-0.8828502692344304,0.6163377389179178,0.6862972930700472,-0.8826977923360241,0.6164829112444172,0.6861942243973984
20.433,4,-0.880681161983581,1.6280603958995588,0.697412821628561,-0.27865579770624993,-0.17027204938594498,0.05576547348661707,-0.5139053242032494,-0.023630159303357854,0.11628458991837706,5,0.4137927040586921,0,17,-0.8828945849616993,0.6165063152900632,0.6863273257490269,-0.8828502692344304,0.6163377389179178,0.6862972930700472,-0.8826977923360241,0.6164829112444172,0.6861942243973984
20.697000000000003,2,0.08167055258611988,0.5731374886192767,0.7247001193001285,-0.09210592642922982,-0.16949795300002882,0.08085698758702783,0.6509050015727957,0.2515949464859666,-0.22817109326807833,10,0.4,0,54,-0.8828945849616993,0.6165063152900632,0.6863273257490269,-0.8828502692344304,0.6163377389179178,0.6862972930700472,-0.8826977923360241,0.6164829112444172,0.6861942243973984
20.697000000000003,3,-0.9505810442427978,0.5700593856957609,0.6980162878165422,-0.27299721273645045,-0.25871215872754694,0.005683054456602584,-0.10692863982304295,-0.43998949023082257,-0.3192062595477746,3,0.4,0,24,-0.8828945849616993,0.6165063152900632,0.6863273257490269,-0.8828502692344304,0.6163377389179178,0.6862972930700472,-0.8826977923360241,0.6164829112444172,0.6861942243973984
20.697000000000003,4,-0.9420095349631183,1.5617473854794466,0.7215485914414214,-0.23230444310430542,-0.25118564553072475,0.09142337050325795,0.1755733128861515,-0.3064908944877988,0.13506779172969882,3,0.4,0,18,-0.8828945849616993,0.6165063152900632,0.6863273257490269,-0.8828502692344304,0.6163377389179178,0.6862972930700472,-0.8826977923360241,0.6164829112444172,0.6861942243973984
21.003,2,0.06255244301379542,0.5116218006838472,0.7603555973431926,-0.03630670647995987,-0.21156151671878065,0.1297751809667051,0.1710508221080994,-0.06882259345800507,0.08662752216556535,0,0.4,1,54,-0.9945751073896125,0.5099763921463664,0.7304276270010613,-0.9945193525296454,0.5097910653796537,0.7304150080763963,-0.9944144505203536,0.5098112012356177,0.7303788595908464
21.003,3,-0.9766936559765806,0.5170893386206203,0.746349905374931,-0.08533533246334346,-0.1731047290037287,0.1579529985568274,0.6132741185395706,0.27976284223470255,0.4976141964059677,5,0.4039097095362057,0,25,-0.9945751073896125,0.5099763921463664,0.7304276270010613,-0.9945193525296454,0.5097910653796537,0.7304150080763963,-0.9944144505203536,0.5098112012356177,0.7303788595908464
21.003,4,-0.9595431873582905,1.512448497826886,0.7284143047775173,-0.05729951763128195,-0.16110747598876224,0.022436971686588453,0.5719115211536764,0.2943731030783114,-0.22544574776689572,7,0.44309413384551843,0,19,-0.9945751073896125,0.5099763921463664,0.7304276270010613,-0.9945193525296454,0.5097910653796537,0.7304150080763963,-0.9944144505203536,0.5098112012356177,0.7303788595908464
21.309,2,-0.02400008468081638,0.4898718137829772,0.7506810886915247,-0.21975904310556404,-0.04113308945628106,-0.05817953738123726,-0.5995174399529529,0.5569556446486897,-0.614231105712228,14,1.0490925384741054,0,55,-0.9945751073896125,0.5099763921463664,0.7304276270010613,-0.9945193525296454,0.5097910653796537,0.7304150080763963,-0.9944144505203536,0.5098112012356177,0.7303788595908464
21.309,3,-1.0044093473108202,0.4640693064647594,0.7644277534089244,-0.09057415468705714,-0.17326807894072146,0.05907793475161233,-0.017120334064423728,-0.0005338233235057769,-0.3231211235464535,5,0.4178310240637212,0,26,-0.9945751073896125,0.5099763921463664,0.7304276270010613,-0.9945193525296454,0.5097910653796537,0.7304150080763963,-0.9944144505203536,0.5098112012356177,0.7303788595908464
21.309,4,-1.0133417967932223,1.4700325448678737,0.7440971603514742,-0.17581244913376373,-0.138614225356248,0.051251162006394776,-0.3872971617728151,0.0735073550082162,0.09416402065296155,7,0.42094532466809154,0,20,-0.9945751073896125,0.5099763921463664,0.7304276270010613,-0.9945193525296454,0.5097910653796537,0.7304150080763963,-0.9944144505203536,0.5098112012356177,0.7303788595908464
21.576,2,-0.05637998217691831,0.45950815837721426,0.7634362747166271,-0.12127302432997002,-0.11372155582682762,0.04777223230375438,0.3688614935415514,-0.2718669152454933,0.39682310743442645,12,0.43019173397687077,0,56,-1.0630820101453893,0.45450359398853735,0.7452263915723698,-1.063035613982056,0.45433682154463817,0.7452184450514243,-1.0629509477451877,0.45432660377779044,0.7452097880195997
21.576,3,-1.0572879870906347,0.47376435698912767,0.7421816599716495,-0.19804733999930543,0.0363110506530647,-0.08331870201226563,-0.40252129330430153,0.7849405602763543,-0.5333207369433642,6,0.4,0,27,-1.0630820101453893,0.45450359398853735,0.7452263915723698,-1.063035613982056,0.45433682154463817,0.7452184450514243,-1.0629509477451877,0.45432660377779044,0.7452097880195997
21.576,4,-1.0600848062059816,1.4622364352681134,0.7524947549584869,-0.17506745098411727,-0.029198912358653645,0.031451665194804385,0.0027902552421215734,0.4097951797662719,-0.07415541877000162,6,0.4,0,21,-1.0630820101453893,0.45450359398853735,0.7452263915723698,-1.063035613982056,0.45433682154463817,0.7452184450514243,-1.0629509477451877,0.45432660377779044,0.7452097880195997
21.895000000000003,2,-0.07406332677281668,0.42484178257649385,0.7615029232024466,-0.05543368211880323,-0.1086720244536681,-0.006060663053857154,0.2063929222920572,0.01582925195347801,-0.16875515786084982,13,0.4,0,57,-1.0630820101453893,0.45450359398853735,0.7452263915723698,-1.063035613982056,0.45433682154463817,0.7452184450514243,-1.0629509477451877,0.45432660377779044,0.7452097880195997
21.895000000000003,3,-1.0979850212513214,0.44467128822223967,0.7594242884017157,-0.12757690959462814,-0.09120084252942871,0.054052126740018865,0.2209104401400524,-0.39972380307991334,0.4306295572171892,8,0.4025428806593686,0,28,-1.0630820101453893,0.45450359398853735,0.7452263915723698,-1.063035613982056,0.45433682154463817,0.7452184450514243,-1.0629509477451877,0.45432660377779044,0.7452097880195997
21.895000000000003,4,-1.0995448823687046,1.4292617713971534,0.7748921574864539,-0.12369929831574528,-0.10336885226006137,0.07021129319111842,0.16102869175038112,-0.23250764859375272,0.12150353603860099,9,0.4091616610249028,0,22,-1.0630820101453893,0.45450359398853735,0.7452263915723698,-1.063035613982056,0.45433682154463817,0.7452184450514243,-1.0629509477451877,0.45432660377779044,0.7452097880195997
22.232000000000003,2,-0.1602812026889482,0.3051600620423012,0.7849037577485491,-0.25583939440988596,-0.3551386365999786,0.06943867817834569,-0.5946757041278423,-0.7313549321848981,0.22403365350802046,2,0.4642627635697759,0,58,-1.1313316066853842,0.3185063012153154,0.7849674794499184,-1.1312559178361912,0.3183671127145234,0.785052639711292,-1.1311737621382574,0.3183092787698638,0.7850233151469151
22.232000000000003,3,-1.1839031200115426,0.30354141025481485,0.7817153934848778,-0.25494984795317904,-0.4187830206748514,0.06614571241294404,-0.3779612414200326,-0.9720539410843411,0.03588601089888777,1,0.4672157576953276,0,29,-1.1313316066853842,0.3185063012153154,0.7849674794499184,-1.1312559178361912,0.3183671127145234,0.785052639711292,-1.1311737621382574,0.3183092787698638,0.7850233151469151
22.232000000000003,4,-1.0967026066454673,1.3184115548790423,0.8167216325091338,0.008434052591208802,-0.3289323932288167,0.12412307128391677,0.39208709467938924,-0.6693280147440815,0.15997560264925337,6,0.4716032545504293,0,23,-1.1313316066853842,0.3185063012153154,0.7849674794499184,-1.1312559178361912,0.3183671127145234,0.785052639711292,-1.1311737621382574,0.3183092787698638,0.7850233151469151
